date,b30ret,b20ret,b10ret,b7ret,b5ret,b2ret,b1ret,t90ret,t30ret,cpiret,wti_price,fedfunds,nfci,anfci,nfci_risk,nfci_credit,nfci_leverage,nfci_nonfinancial_leverage,gdp,gdp_growth,ppi,trade_balance,unrate,usd_index
1990-03-31,-0.051113,-0.044353,-0.028089,-0.016606,-0.009294,0.00602,0.016363,0.019578,0.018159,0.020619,21.786666666666665,8.25,0.05376744484590791,-0.11030355997522824,-0.08636228870323491,0.7278543077967472,0.3226918231506915,0.8632439393242521,5872.701,0.021830316028380148,114.2,-6213689304.0,5.3,93.13
1990-06-30,0.04326,0.043723,0.032971,0.033665,0.033669,0.028198,0.027166,0.021064,0.019253,0.009324,17.776666666666667,8.243333333333332,0.002224408115036152,-0.08415202391165064,-0.18043006079810556,0.7761767149104213,0.06280641542183803,0.8589647279691579,5960.028,0.014869989124254746,114.3,-6006718614.0,5.333333333333333,92.39999999999999
1990-09-30,-0.036085,-0.023717,-0.005174,0.009938,0.018183,0.023583,0.02322,0.020535,0.01896,0.021555,26.423333333333332,8.16,0.0855705021971102,0.03319043567788509,-0.1561922403890953,0.8979127926441082,0.666144977646235,0.779134941730417,6015.116,0.009242909597068971,118.4,-9750952568.0,5.7,86.57666666666667
1990-12-31,0.099014,0.090041,0.070046,0.058227,0.052214,0.0338,0.027561,0.020656,0.018309,0.00829,31.883333333333336,7.743333333333332,0.4629259298584775,0.39314449750754044,0.16659136415213138,1.3046980143964668,0.3694820482528321,0.5945012538696292,6004.733,-0.0017261512496183906,118.7,-6282845718.0,6.133333333333333,83.09333333333333
1991-03-31,0.017541,0.018016,0.02085,0.020248,0.016692,0.019653,0.023355,0.016655,0.013858,0.008969,21.87,6.426666666666667,0.1810754666453295,0.2366418747159769,-0.05326076086781167,0.9295751258243428,-0.44028006712916035,0.27423253776833856,6035.178,0.005070167149813232,116.2,-1947669470.0,6.6000000000000005,86.03333333333335
1991-06-30,-0.002667,0.003704,0.007731,0.011817,0.014334,0.020082,0.018054,0.015564,0.014032,0.007407,20.75,5.863333333333333,-0.23571847629291076,-0.1449535700519566,-0.38998218689286257,0.45184307377973926,-0.5586391952608732,-0.1553424865781627,6126.862,0.015191598325683175,116.4,-4144303814.0,6.833333333333333,93.57666666666667
1991-09-30,0.087673,0.087107,0.071818,0.066204,0.060612,0.03455,0.026063,0.015418,0.014073,0.008824,21.66,5.6433333333333335,-0.4751496023057666,-0.5755662543003954,-0.6337720848823278,0.31217367239756916,-0.35964209009673503,-0.4972963248810801,6205.937,0.012906280572338558,116.1,-6850094111.0,6.866666666666667,92.29333333333334
1991-12-31,0.063497,0.067626,0.069572,0.065727,0.056735,0.038551,0.026648,0.014743,0.012001,0.005102,21.73,4.816666666666666,-0.612351598225329,-0.7054809504201022,-0.7801499206091062,0.19717016784756908,-0.35013455659454684,-0.71006340298268,6264.54,0.009443054288176045,115.9,-5726236601.0,7.1000000000000005,87.21333333333332
1992-03-31,-0.042794,-0.036287,-0.02332,-0.026458,-0.019952,7.9e-05,0.009237,0.009842,0.009292,0.010153,18.906666666666666,4.023333333333333,-0.6637836597070961,-0.7493118550165762,-0.7425448545418333,0.003896971362519653,-0.5885988194170901,-0.9514896508476074,6363.102,0.01573331800898381,116.1,-3821477540.0,7.366666666666667,88.71
1992-06-30,0.039037,0.03907,0.045826,0.048454,0.046762,0.032013,0.019741,0.010923,0.009291,0.006461,21.2,3.7699999999999996,-0.8177954608386209,-0.9027545333165018,-0.8801730025789083,-0.17945485310022907,-0.7082729474101943,-1.0813058936281092,6470.763,0.016919577903984573,118.0,-6479240505.0,7.6000000000000005,86.85333333333334
1992-09-30,0.0609,0.06667,0.06657,0.063588,0.057864,0.032359,0.020542,0.010188,0.008092,0.007846,21.666666666666668,3.2566666666666664,-0.9024061943289828,-0.9875926029936875,-0.9956576810845598,-0.1820767730892149,-0.7491338899211224,-1.1263529229100961,6566.641,0.014817108894267905,118.0,-9430678379.0,7.633333333333333,80.63
1992-12-31,0.012424,0.010626,0.001022,-0.007161,-0.011252,0.001694,0.005882,0.007653,0.006918,0.004247,20.48,3.0366666666666666,-0.748802485700633,-0.8004143540233108,-0.7626583084515661,-0.16818513643878139,-0.8852073120504234,-1.1593223272642645,6680.803,0.017385144094218097,117.6,-7396282460.0,7.366666666666667,90.27666666666666
1993-03-31,0.067719,0.062656,0.060835,0.05662,0.051365,0.023307,0.013823,0.008014,0.007099,0.01198,19.813333333333333,3.0399999999999996,-0.9547732845693552,-1.0859839104486524,-0.9949821390608314,-0.20428904347312368,-1.2564367250056776,-1.1140288145787223,6729.459,0.0072829568541386,118.7,-8626420378.0,7.133333333333333,92.79333333333334
1993-06-30,0.048769,0.055849,0.039523,0.034627,0.02474,0.01026,0.008697,0.007698,0.007314,0.005572,19.763333333333332,3.0,-0.9933139742356379,-1.1010498345098476,-1.0366228174023016,-0.28754894217675747,-1.1440273592325338,-1.0729023748993394,6808.939,0.011810756258415545,119.5,-11751672789.0,7.066666666666666,90.73333333333333
1993-09-30,0.0835,0.056972,0.037846,0.032313,0.025666,0.014234,0.010629,0.008275,0.007306,0.004848,17.8,3.06,-1.0772379252158024,-1.1821373132121185,-1.1287787642905331,-0.30334514423052145,-1.250230354078639,-1.0209800175112078,6882.098,0.010744552124787754,118.7,-12799117243.0,6.8,94.04666666666667
1993-12-31,-0.025912,-0.014188,-0.009,0.001229,-0.003082,0.005378,0.007534,0.008105,0.006966,0.004824,16.426666666666666,2.99,-0.9757956984088363,-0.9901757443391156,-1.0631247149976493,-0.31723628409931065,-0.6814405171771646,-0.9411052834754698,7013.738,0.019127888036468033,118.6,-7321570990.0,6.633333333333333,96.04333333333334
1994-03-31,-0.077502,-0.055918,-0.0523,-0.047529,-0.027232,-0.004924,0.002919,0.007708,0.007109,0.009601,14.829999999999998,3.2133333333333334,-0.9401949722861837,-0.8931879948113273,-0.9849231358225691,-0.4942874245561892,-0.2970959566557841,-0.8011516413634907,7115.652,0.014530625466762537,119.7,-8702494912.0,6.566666666666666,94.39999999999999
1994-06-30,-0.042851,-0.029791,-0.016981,-0.01142,-0.011254,-0.001466,0.004819,0.009919,0.009006,0.005435,17.790000000000003,3.94,-0.728536625455267,-0.6412677733308515,-0.6909591959292016,-0.41093745988251623,-0.4735332879399765,-0.645288598694107,7246.931,0.018449328325780945,120.5,-14012467521.0,6.2,91.42
1994-09-30,-0.014775,-0.003264,-0.001272,0.004126,0.005452,0.008884,0.010694,0.011247,0.010131,0.00946,18.496666666666666,4.486666666666667,-0.7617912193427635,-0.7116454825621291,-0.7746054040468225,-0.3419464443595702,-0.3346654853006314,-0.4699637461975348,7331.075,0.011610984015164583,121.0,-15262503908.0,6.0,89.14
1994-12-31,0.012637,0.016559,0.005906,-0.000124,-0.003045,-0.001381,0.00463,0.01324,0.012009,0.002008,17.650000000000002,5.166666666666667,-0.5274984497897767,-0.3489611963634471,-0.5483435951298667,-0.2556534480601311,0.21860960030039323,-0.3150076530031235,7455.288,0.016943354146561118,121.9,-10361030391.0,5.633333333333333,87.85000000000001
1995-03-31,0.066543,0.063633,0.061205,0.050366,0.048175,0.035215,0.025688,0.015176,0.012323,0.011356,18.383333333333333,5.81,-0.5668937126277105,-0.41316594181654653,-0.6400084622577027,-0.11973413897647592,0.09498820932770888,-0.14456860048016557,7522.289,0.008987043827146657,123.9,-11149039447.0,5.466666666666666,85.27333333333333
1995-06-30,0.121519,0.109214,0.084974,0.073252,0.061915,0.034741,0.022827,0.015333,0.014589,0.007266,19.363333333333333,6.02,-0.6844642820461223,-0.6020470514593762,-0.7767783805593312,-0.14240072901928855,-0.10717919344722669,-0.10816983775694154,7580.997,0.007804539283188916,125.3,-14809462495.0,5.666666666666667,81.98333333333333
1995-09-30,0.026338,0.024099,0.018473,0.018686,0.012034,0.014876,0.014344,0.014303,0.013529,0.00459,17.86,5.796666666666667,-0.696617820074825,-0.6542404879725676,-0.7680424096217441,-0.15683323058126525,-0.29581395610212746,-0.17649187205837544,7683.125,0.01347157900207585,125.2,-13818544718.0,5.666666666666667,83.81
1995-12-31,0.088027,0.079077,0.057043,0.047466,0.039601,0.026584,0.018646,0.014767,0.013767,0.001958,18.150000000000002,5.72,-0.7338727805778483,-0.683724141204645,-0.8031060658198529,-0.11003962033268723,-0.5689108661001914,-0.17025836786911708,7772.586,0.011643829821849971,125.7,-8421468285.0,5.566666666666666,84.56
1996-03-31,-0.082611,-0.06425,-0.032801,-0.029142,-0.015013,0.00206,0.009665,0.012634,0.012178,0.014332,19.76,5.363333333333333,-0.7838205933710032,-0.802707406374107,-0.8245850025009539,-0.17318540234591315,-0.7173199167191687,-0.16083804179444022,7868.468,0.012335920117191312,126.4,-8859004791.0,5.533333333333334,86.73
1996-06-30,-0.012895,-0.002029,-0.008643,0.002184,0.001951,0.009555,0.012808,0.01313,0.012614,0.006423,21.69666666666667,5.243333333333333,-0.7034285296412359,-0.6676580240552549,-0.7163446738748415,-0.244458713286488,-0.5002626682642781,-0.16183567160929255,8032.84,0.02088996231540885,128.0,-12249696191.0,5.5,87.87333333333333
1996-09-30,0.009234,0.016754,0.018081,0.016509,0.017116,0.016904,0.016043,0.014193,0.01305,0.00702,22.39,5.306666666666667,-0.727770149599475,-0.6391431192901891,-0.7238796745887158,-0.2704788308080838,-0.5962324472803758,-0.08976703340892775,8131.408,0.012270629067677286,128.2,-17580493314.0,5.266666666666667,86.73333333333333
1996-12-31,0.044662,0.049521,0.034593,0.027672,0.025086,0.019334,0.01545,0.013123,0.012644,0.00507,24.606666666666666,5.28,-0.7566162077352477,-0.8355686161165479,-0.7292579185857726,-0.24549885685936948,-0.9226914248754718,-0.04085423414789184,8259.771,0.0157860729654693,129.1,-13236570314.0,5.333333333333333,87.84333333333335
1997-03-31,-0.045983,-0.030786,-0.021438,-0.012109,-0.008585,0.005363,0.010677,0.012755,0.012161,0.008828,22.76,5.276666666666666,-0.7137456973589704,-0.7940743060659797,-0.6635509967182089,-0.21692614845890645,-1.1309007981590649,0.010227683923792962,8362.655,0.012456035403402899,127.3,-9337828650.0,5.233333333333333,94.21666666666665
1997-06-30,0.057841,0.055063,0.048469,0.038723,0.03225,0.022922,0.018833,0.013973,0.012371,0.001875,19.926666666666666,5.523333333333333,-0.6399929208932509,-0.5700129116480772,-0.5609779256758343,-0.2041926772389861,-1.0772682374729785,0.07733903583386716,8518.825,0.01867469123143306,127.2,-13503499423.0,5.0,95.89999999999999
1997-09-30,0.063915,0.058084,0.042015,0.038172,0.030046,0.02013,0.016632,0.013793,0.012984,0.005615,19.80333333333333,5.533333333333334,-0.6470742430425636,-0.5648944157730323,-0.5747870297110322,-0.21284797971209718,-1.009002191486279,0.09692236704133989,8662.823,0.016903504884769882,127.5,-19256056239.0,4.866666666666667,98.58333333333333
1997-12-31,0.077129,0.067143,0.041176,0.033516,0.023707,0.01764,0.014894,0.013325,0.012363,0.00062,19.95,5.506666666666667,-0.5143791896719511,-0.4538074660560344,-0.3924950739706172,-0.1488356090224882,-1.0789232143178453,0.1490055174228821,8765.907,0.011899585158325232,126.8,-15514383268.0,4.666666666666667,97.69333333333334
1998-03-31,0.011862,0.015251,0.015765,0.016105,0.015622,0.01501,0.014276,0.013306,0.012588,0.005579,15.966666666666667,5.52,-0.6061004680606374,-0.5876977764725783,-0.553824388437673,-0.1705459120548041,-1.0110961122375535,0.21971477373346285,8866.48,0.011473199521738087,124.7,-16164550590.0,4.633333333333333,100.70333333333333
1998-06-30,0.058942,0.045146,0.027171,0.025041,0.018005,0.015287,0.0144,0.013282,0.012183,0.004933,14.660000000000002,5.5,-0.5865014921813108,-0.4916089645477489,-0.5494515196305707,-0.1394455410098393,-0.9396964682982376,0.2208111056807763,8969.699,0.011641485685413011,124.8,-20285708263.0,4.3999999999999995,100.44333333333333
1998-09-30,0.106874,0.0789,0.091994,0.08081,0.060403,0.033625,0.02081,0.014049,0.011806,0.003681,14.223333333333334,5.533333333333334,-0.3796583412591425,-0.2493820379034983,-0.38035027757392226,0.011165223105520598,-0.17880370055979136,0.22223831794480756,9121.097,0.016878827260535578,123.8,-22843427137.0,4.533333333333333,99.19
1998-12-31,-0.01289,-0.012479,-0.00738,-0.005396,-0.002933,0.007046,0.010605,0.011368,0.010401,0.001834,12.936666666666667,4.86,-0.07433448645042504,0.09181212627935066,-0.08889412325121535,0.22526275327861123,0.4032201649736243,0.2800165242573234,9293.991,0.018955395387199703,122.8,-17378907377.0,4.433333333333334,94.7
1999-03-31,-0.070523,-0.041154,-0.032578,-0.024851,-0.010929,0.004888,0.01015,0.010985,0.010982,0.006712,13.07,4.733333333333333,-0.31215965869826157,-0.22787254182027625,-0.3466840097470258,0.010682071564943522,0.61293305877544,0.40031784488745986,9411.682,0.012663128251361622,122.6,-23685588514.0,4.3,98.28666666666668
1999-06-30,-0.033436,-0.024861,-0.032882,-0.012638,-0.007779,0.004627,0.00956,0.01158,0.011388,0.007273,17.650000000000002,4.746666666666667,-0.4007258358005956,-0.27219264037729446,-0.411122903996709,-0.06430404072809127,0.34150337020872645,0.42796488449839326,9526.21,0.012168706932512041,125.2,-29988536957.0,4.266666666666667,102.12
1999-09-30,-0.012293,-0.002707,0.003252,0.005022,0.012044,0.012761,0.013816,0.012932,0.011281,0.010229,21.72666666666667,5.093333333333334,-0.1894218461316757,0.0420752268471644,-0.16331052830027357,-0.0132046847626609,0.8314029505543463,0.5017450857524776,9686.626,0.01683943562025192,128.0,-31410141104.0,4.233333333333333,99.41333333333334
1999-12-31,-0.040799,-0.020467,-0.0249,-0.00989,-0.006874,0.003711,0.008907,0.012848,0.011198,0.002383,24.596666666666668,5.306666666666667,-0.13758104790589015,0.1501555383145139,-0.13572467611820013,0.057008255860797934,0.9923451827683669,0.556651011599767,9900.169,0.02204513728516,127.8,-27489056720.0,4.066666666666666,100.97333333333334
2000-03-31,0.091323,0.084908,0.038547,0.031551,0.021228,0.012044,0.01367,0.013454,0.013072,0.017231,28.823333333333334,5.676666666666667,-0.17446722359925254,0.025906816796699997,-0.21417560849387723,0.050621950557062596,1.2767466180008284,0.6142181782303473,10002.179,0.010303864509787708,130.8,-34434312136.0,4.033333333333333,105.49666666666667
2000-06-30,0.006143,0.008705,0.013619,0.018104,0.01912,0.017905,0.015725,0.015532,0.013178,0.00701,28.776666666666667,6.273333333333333,-0.006314800292917916,0.26471506880762424,0.034321919025458184,0.16414684938310947,0.590770850388831,0.7374804140988863,10247.72,0.024548750827194654,133.8,-35862997723.0,3.9333333333333336,108.57333333333334
2000-09-30,0.015871,0.027294,0.019969,0.03176,0.03081,0.022676,0.01689,0.014979,0.014941,0.00754,31.613333333333333,6.52,-0.1537316417366569,0.03441516962594409,-0.14401126421134458,0.21687799223118054,-0.3007072202923924,0.7806094857990254,10318.165,0.006874212019844617,134.7,-39593315653.0,4.0,111.80666666666666
2000-12-31,0.07578,0.075842,0.066293,0.058247,0.048482,0.029536,0.021891,0.016189,0.015168,0.001728,31.99,6.473333333333334,-0.12583939642124203,0.009258893345049944,-0.16280709010569175,0.4339597005836953,-1.1392483566708913,0.7575597310347685,10435.744,0.011395340159805478,136.2,-32870913203.0,3.9,113.81666666666666
2001-03-31,-0.00268,0.013726,0.018642,0.031857,0.033438,0.027825,0.024328,0.015623,0.013274,0.012644,28.816666666666666,5.593333333333334,-0.23629556599619986,-0.11554310045215134,-0.2729594671221188,0.4678480894559694,-1.9254256293904854,0.7257334543726472,10470.231,0.0033046996936680895,135.9,-32633433703.0,4.233333333333333,113.3
2001-06-30,-0.030671,-0.022343,-0.024009,-0.010798,-0.004026,0.010798,0.013647,0.011366,0.009857,0.010215,27.906666666666666,4.326666666666667,-0.3854748240495425,-0.31426954452239664,-0.37661002897278684,0.24424876669327075,-1.9613586483327086,0.7053999044490441,10599.0,0.012298582524110424,135.5,-32992139574.0,4.3999999999999995,118.11666666666667
2001-09-30,0.063775,0.068663,0.069691,0.069511,0.059299,0.038502,0.023213,0.010852,0.00875,0.001685,26.666666666666668,3.4966666666666666,-0.44427749526084404,-0.4172809071611404,-0.456798339739246,0.21573632496144646,-1.861502379266623,0.6173725135538162,10598.02,-9.24615529767081e-05,133.3,-34707530877.0,4.833333333333333,114.69333333333334
2001-12-31,0.005174,-0.017239,-0.021786,-0.014329,-0.007015,0.006955,0.011241,0.006256,0.005397,-0.008973,20.400000000000002,2.1333333333333333,-0.37272465241343183,-0.4149532914424788,-0.4157225892666971,0.2947910083604943,-1.58347130510125,0.5033474688060997,10660.465,0.005892138342822539,128.1,-26830737908.0,5.5,115.91333333333334
2002-03-31,-0.034298,-0.017255,-0.020713,-0.011217,-0.007983,-0.000526,0.00117,0.004243,0.004021,0.011885,21.656666666666666,1.7333333333333334,-0.4725858173610785,-0.5227380612925523,-0.5166245780836244,0.13985042271896736,-1.2008411634294354,0.5061829864955023,10783.5,0.011541241399882551,129.8,-30803834625.0,5.7,119.33999999999999
2002-06-30,0.057912,0.060742,0.060126,0.05949,0.051728,0.027652,0.015793,0.004715,0.004306,0.006152,26.246666666666666,1.75,-0.5853798651238709,-0.591080883914797,-0.5921570506149023,-0.004574159969784592,-1.329914065188427,0.4639779693136716,10887.46,0.009640654703945817,130.9,-36863610155.0,5.833333333333333,111.03666666666668
2002-09-30,0.144343,0.121616,0.111668,0.09082,0.076909,0.031011,0.010104,0.004636,0.004329,0.006114,28.34,1.74,-0.415606280949997,-0.4310976393534587,-0.43523495082594965,0.15528569025684053,-1.274218663742773,0.4172724608586307,10984.04,0.008870755897151472,132.3,-42237426862.0,5.733333333333333,107.08666666666666
2002-12-31,-0.004478,0.002539,-0.006461,0.005984,0.006978,0.008356,0.006707,0.004237,0.003583,-0.000553,28.21666666666667,1.4433333333333334,-0.4236832184387629,-0.4333730973463111,-0.4814385507816215,0.15874571903043921,-0.8589521532076592,0.39941403805639814,11061.433,0.007045950306080462,132.9,-44597872087.0,5.866666666666667,104.96666666666665
2003-03-31,0.005725,0.014818,0.011977,0.011918,0.010443,0.007994,0.004272,0.003135,0.002828,0.018242,34.096666666666664,1.25,-0.5326735582144869,-0.5631236479888462,-0.5935256558542107,0.02197731575620056,-0.5674823568205064,0.31889285507937715,11174.129,0.010188191710784666,141.2,-42851561205.0,5.866666666666667,99.56
2003-06-30,0.051314,0.052808,0.032904,0.031168,0.024129,0.008456,0.004285,0.003331,0.002829,-0.002715,28.98,1.2466666666666668,-0.6921152274394802,-0.7787480173871236,-0.7588046411249615,-0.06467533567793672,-0.8534871243743466,0.21532708138662437,11312.766,0.012406962547147904,138.0,-42664438449.0,6.133333333333333,95.06333333333333
2003-09-30,-0.033739,-0.031447,-0.018612,-0.009144,-0.000923,0.002961,0.003439,0.002537,0.00223,0.008165,30.213333333333335,1.0166666666666666,-0.6913187989472775,-0.7290465548136785,-0.7048546781657349,-0.18056934426923063,-0.6970989727890594,0.16190024580224138,11566.669,0.02244393634589459,138.5,-48772189515.0,6.133333333333333,95.94666666666666
2003-12-31,-0.014606,-0.009952,-0.012729,-0.007511,-0.005371,0.000301,0.002605,0.002551,0.002258,-0.00486,31.19333333333333,0.9966666666666667,-0.7131565772830876,-0.706207810126659,-0.7110239234411121,-0.25543779936799593,-0.4653574032442948,0.22705160769561192,11772.234,0.01777218661656188,139.5,-46394893986.0,5.833333333333333,89.95333333333333
2004-03-31,0.05635,0.054179,0.045467,0.038085,0.029554,0.01177,0.004241,0.002451,0.002165,0.016821,35.24666666666667,1.0033333333333332,-0.7912664309620552,-0.7228771859320348,-0.7776358362594287,-0.33181824616116745,-0.5576057172295639,0.34422663146643295,11923.447,0.012844885686098317,143.1,-49411131260.0,5.7,87.37333333333333
2004-06-30,-0.059372,-0.050688,-0.045882,-0.036875,-0.033214,-0.013752,-0.003481,0.002386,0.002217,0.012274,38.35333333333333,1.01,-0.7265499836582863,-0.7157326266251027,-0.6961641755979167,-0.3404165595489787,-0.34000619545069755,0.45793848268926596,12112.815,0.015881984463050003,147.2,-60013814036.0,5.599999999999999,89.41000000000001
2004-09-30,0.070238,0.063964,0.047581,0.038401,0.02875,0.010161,0.005037,0.003485,0.003223,0.001055,43.873333333333335,1.4333333333333333,-0.6980367074600942,-0.7282289106004247,-0.6919549026190855,-0.27412793931130275,-0.2710891093752689,0.5974124641671078,12305.307,0.015891599103924348,147.7,-57000131456.0,5.433333333333334,88.75333333333333
2004-12-31,0.022185,0.016955,0.006592,0.002498,-0.000605,-0.000449,0.000988,0.004696,0.004348,0.002107,48.300000000000004,1.95,-0.7077836393997402,-0.6947198483147877,-0.730900982362803,-0.25311234132245974,-0.144870270187419,0.7611201116336171,12527.214,0.018033438743137342,150.2,-55926699871.0,5.433333333333334,82.52666666666666
2005-03-31,0.021228,0.00895,-0.008384,-0.011134,-0.01297,-0.003501,0.001761,0.005699,0.005435,0.015765,49.72666666666667,2.47,-0.6989731421171007,-0.6858366155720638,-0.7269927453840164,-0.2365557768212346,-0.11767251021995702,0.9383058853601649,12767.286,0.01916403759048113,153.7,-55684268270.0,5.3,83.39
2005-06-30,0.097252,0.087454,0.054399,0.04409,0.030349,0.012651,0.008769,0.007134,0.006745,0.006207,53.053333333333335,2.9433333333333334,-0.6127412298790584,-0.5635983522019304,-0.6703457886001629,-0.13333846501233854,0.03593288670743094,1.127123170237593,12922.656,0.012169383532255829,154.3,-64034293715.0,5.1000000000000005,87.10000000000001
2005-09-30,-0.0431,-0.033184,-0.019247,-0.01946,-0.01169,-0.000434,0.004225,0.008354,0.008173,0.022108,63.19333333333333,3.4599999999999995,-0.5982437999973437,-0.5202013117605293,-0.6700647130913234,-0.11080742232013456,0.13740837402011735,1.382896728747692,13142.642,0.01702328066304637,162.2,-71570202485.0,4.966666666666667,88.81666666666666
2005-12-31,0.015951,0.014884,0.005457,0.005506,0.001312,0.006517,0.007775,0.009258,0.00896,-0.010061,59.99666666666667,3.98,-0.5760527654006737,-0.5132061385487394,-0.587180775950528,-0.12962534065765877,-0.28214959433966763,1.686109349770563,13324.204,0.013814726141060607,163.0,-64380824674.0,4.966666666666667,90.93666666666667
2006-03-31,-0.058702,-0.042575,-0.024105,-0.017381,-0.010104,0.00327,0.006723,0.010441,0.010488,0.015244,63.27,4.456666666666667,-0.6162586829135489,-0.47159497242196163,-0.6516802150218723,-0.12401412891668101,-0.33673506359695976,1.9163795081760262,13599.16,0.020635829352357637,162.2,-62064632970.0,4.733333333333333,89.60000000000001
2006-06-30,-0.033019,-0.015658,-0.006786,-0.003169,-0.002014,0.005786,0.008217,0.01152,0.01177,0.015516,70.41000000000001,4.906666666666667,-0.5864608572972493,-0.42552635401617916,-0.5829125069814295,-0.13965822550693915,-0.5028699133553363,2.181488108411184,13753.424,0.011343641813170935,166.1,-69992130953.0,4.633333333333333,85.35000000000001
2006-09-30,0.080922,0.069255,0.050125,0.042798,0.034856,0.02068,0.015496,0.013159,0.012357,1e-06,70.41666666666667,5.246666666666667,-0.5819341075719838,-0.44650046337526483,-0.6101881940701642,-0.08541347152072645,-0.48036438415947746,2.362914149655794,13870.188,0.00848981315489139,165.4,-69960480195.0,4.633333333333334,85.44
2006-12-31,0.004086,0.003622,0.004771,0.005694,0.005262,0.008648,0.010503,0.012383,0.012406,-0.005421,59.97666666666667,5.246666666666667,-0.6254353144543423,-0.48693645581024586,-0.7009235764302506,-0.04859880113013837,-0.435702530152937,2.4808575698141206,14039.56,0.012211225976172635,165.6,-59710693385.0,4.433333333333334,83.98666666666666
2007-03-31,0.002889,0.00868,0.014043,0.018154,0.017831,0.014738,0.013018,0.012635,0.012473,0.017602,58.07666666666666,5.256666666666667,-0.6526568026286298,-0.48070674726396384,-0.7198219173331618,-0.09378621069244622,-0.3319928798593898,2.592124279191426,14215.651,0.012542487086489862,169.3,-60713088999.0,4.5,83.70333333333333
2007-06-30,-0.030523,-0.021414,-0.014534,-0.009487,-0.005683,0.006024,0.010221,0.012872,0.012363,0.014609,64.97666666666667,5.25,-0.5645156623769269,-0.3374406348906921,-0.5969035031124165,-0.10922372666371591,-0.09668746412521009,2.6888525299011783,14402.082,0.013114489093746018,173.8,-64372715557.0,4.5,81.89
2007-09-30,0.057024,0.049913,0.040965,0.047106,0.041009,0.027416,0.018887,0.013697,0.011558,0.000663,75.46666666666667,5.073333333333333,-0.0625930837826067,0.2934461756330488,-0.11444904142102966,0.2566553070936799,0.7770202995641142,2.7326800511206453,14564.117,0.011250803876828419,173.5,-64187961934.0,4.666666666666667,79.76
2007-12-31,0.071799,0.058864,0.054015,0.05133,0.045755,0.026894,0.01616,0.010719,0.009558,0.007415,90.75333333333333,4.496666666666667,0.27061095941551394,0.6642385686664931,0.21529310602858492,0.47334648937839685,1.8330393768706599,2.7238740045028584,14715.058,0.010363896417475926,178.6,-60081177907.0,4.8,76.44
2008-03-31,0.040126,0.03846,0.059771,0.07103,0.054042,0.033561,0.021471,0.009139,0.005634,0.016626,97.93666666666667,3.1766666666666663,0.6491489442276458,1.1573744218698971,0.47465342251489445,0.9093501838039569,2.132901937973851,2.6463502133509396,14706.538,-0.0005789987372118999,187.9,-58184020922.0,5.0,73.56333333333333
2008-06-30,-0.026826,-0.0253,-0.024511,-0.033727,-0.031839,-0.0147,-0.002766,0.003181,0.003725,0.024761,123.95333333333333,2.0866666666666664,0.6292730017558129,1.0980088825357412,0.506656695571475,0.8153691355583457,2.585956770840342,2.4166125316803186,14865.701,0.010822601485135364,200.5,-70046279242.0,5.333333333333333,72.61666666666666
2008-09-30,0.046899,0.03088,0.02144,0.02585,0.0257,0.019912,0.010692,0.005689,0.004258,-0.000147,118.05,1.9400000000000002,0.9299614505003889,1.3896155697975383,0.8004430529612466,1.0662400182483283,2.656808246125626,2.2084164775987962,14898.999,0.0022399212791917034,196.9,-74058731769.0,6.0,76.68666666666667
2008-12-31,0.33463,0.203752,0.114308,0.113594,0.080968,0.031545,0.016364,0.002296,0.001049,-0.039102,58.34666666666667,0.5066666666666667,2.761799590118131,3.475844441592131,2.66103214321171,2.471358850175825,3.063383207530003,1.9387355190397646,14608.209,-0.019517418586308954,170.9,-48444833482.0,6.866666666666667,84.43333333333334
2009-03-31,-0.131935,-0.058608,-0.014902,-0.009508,-0.003427,0.00034,-0.001502,0.000593,0.000329,0.011801,42.913333333333334,0.18333333333333335,2.166520321555282,2.7757705225911575,1.9849242283704176,2.0598613114246507,3.7338427435996304,1.3890900688273922,14430.902,-0.012137490639680837,168.1,-33284547247.0,8.266666666666667,86.50333333333333
2009-06-30,-0.121978,-0.07935,-0.048932,-0.048779,-0.03681,-0.00258,0.002838,0.000585,0.000217,0.014029,59.44,0.18000000000000002,1.1235917356286935,1.6572267161051486,1.0069399022386227,1.2505247770536863,2.0463319308585444,0.7260694709282808,14381.236,-0.003441642109412113,174.1,-40200373760.0,9.299999999999999,81.40333333333332
2009-09-30,0.058975,0.045325,0.029007,0.030146,0.022173,0.008793,0.003396,0.000687,0.000314,0.001279,68.20333333333333,0.15666666666666665,0.3463837964666752,0.7034860261425361,0.3239452426806484,0.5674158359647279,0.8892958228566427,0.07860782831901644,14448.882,0.004703768160121857,174.1,-49792448050.0,9.633333333333333,77.72333333333334
2009-12-31,-0.082679,-0.050647,-0.023185,-0.015181,-0.005978,0.002671,0.000703,0.000365,0.000106,-9.2e-05,76.06,0.12,-0.01610631881325024,0.21603792284292966,0.00408507834136223,0.2363144586381833,0.6325869273629705,-0.31840894268388165,14651.249,0.01400572030417302,178.1,-46443685503.0,9.933333333333334,76.31333333333333
2010-03-31,-0.001467,0.012931,0.008514,0.01734,0.015302,0.009171,0.0019,0.000119,0.000106,0.007788,78.64,0.13333333333333333,-0.2489876582925697,-0.11599532764552731,-0.16379119476955126,-0.01717553560032724,0.3995935731722897,-0.6271020977140401,14764.61,0.007737292568026133,183.3,-47218576900.0,9.833333333333334,80.29666666666667
2010-06-30,0.156356,0.119104,0.077498,0.065486,0.043174,0.012339,0.001974,0.000376,0.00035,0.001535,77.79,0.19333333333333336,-0.2271727456282635,-0.1186906342125247,-0.11934186611521568,0.003942414790215821,0.024773412691396438,-0.9071499171786476,14980.193,0.014601333865235766,183.5,-61170436135.0,9.633333333333333,84.82666666666667
2010-09-30,0.042529,0.054593,0.041687,0.036451,0.030262,0.00514,0.002229,0.000365,0.000393,0.002175,76.05333333333333,0.18666666666666668,-0.24424172019680987,-0.1720482197300123,-0.17312473470943024,0.037127807021928194,-0.012050862299311184,-1.032310530078886,15141.607,0.01077516157502112,184.9,-59437197794.0,9.466666666666667,81.15333333333334
2010-12-31,-0.097362,-0.081764,-0.050812,-0.03986,-0.028164,-0.002453,-0.000303,0.000425,0.000366,0.003387,85.09666666666668,0.18666666666666668,-0.4423580717288404,-0.3912526109699363,-0.2909713106405554,-0.2306870744122454,0.06699253873277647,-1.188662603933177,15309.474,0.01108647186523859,189.7,-49071257823.0,9.5,79.16333333333334
2011-03-31,-0.018265,-0.009218,-0.000908,-0.001932,-0.001643,-0.000797,0.001396,0.000437,0.000255,0.019563,93.53666666666668,0.15666666666666668,-0.5696051813080617,-0.557330697164154,-0.36252450496723737,-0.38380569948734017,-0.07969275805709256,-1.2513809211991158,15351.448,0.00274170098855131,199.2,-54251938386.0,9.033333333333333,76.82666666666667
2011-06-30,0.034425,0.037493,0.033683,0.038736,0.034204,0.010628,0.001892,0.000375,0.000101,0.01009,102.23,0.09333333333333334,-0.5660258522246209,-0.5590811521109555,-0.4028888348172889,-0.34870755230807554,0.11682097119629911,-1.2888719470647514,15557.539,0.013424857381531652,203.9,-66581505978.0,9.066666666666666,73.95666666666666
2011-09-30,0.309512,0.211037,0.111889,0.073419,0.044701,0.005163,-0.000222,0.000156,5.4e-05,0.00517,89.71666666666665,0.08333333333333333,-0.2520644070413331,-0.23745310172825168,-0.1480706335391858,-0.06942147320987065,0.7757095532786388,-1.3644263595826815,15647.68,0.005794039789969396,203.7,-62534765895.0,9.0,75.52333333333333
2011-12-31,0.0173,0.020142,0.015431,0.015124,0.009841,0.002013,0.000446,2.2e-05,1.8e-05,-0.005365,94.01333333333332,0.07333333333333335,-0.0912647962488648,-0.07000800514475332,-0.011774830435954177,0.09472943275988002,0.7513668086431804,-1.447877711461334,15842.259,0.012435006339597932,199.8,-57625356220.0,8.633333333333333,78.24333333333334
2012-03-31,-0.073781,-0.055858,-0.02128,-0.009014,-0.004918,-0.000714,-0.00047,5.8e-05,7.5e-05,0.016484,102.87666666666667,0.10333333333333333,-0.3646515656770887,-0.3722470113601242,-0.2704739624531768,-0.10445325729972169,0.18830156546521593,-1.4773399380657533,16068.805,0.014300107074376234,204.2,-57131066822.0,8.266666666666667,79.01
2012-06-30,0.127678,0.108979,0.053719,0.039666,0.01914,0.001971,0.000333,0.000306,0.000116,0.000376,93.42666666666666,0.15333333333333335,-0.31643087991079305,-0.2802878547237498,-0.27499397433902006,-0.0142687311834871,0.24204059326508023,-1.4175777677183463,16207.115,0.008607360659364405,199.8,-59207807965.0,8.2,81.14999999999999
2012-09-30,-0.004145,0.001399,0.006855,0.00825,0.009551,0.002391,0.001139,0.000334,0.000149,0.008405,92.18,0.14333333333333334,-0.4232283889786039,-0.4140686390279927,-0.4192094649932046,-0.053185909935009275,0.1853446005148163,-1.398860214020726,16319.541,0.0069368299046437265,204.4,-57422778868.0,8.033333333333333,81.26
2012-12-31,-0.016702,-0.009248,-0.00241,-0.003191,0.000357,0.000884,0.000724,0.00038,0.000225,-0.007804,87.96,0.16,-0.560047385888218,-0.5970186206526024,-0.5662838591893574,-0.13863558439707507,-0.09150339762758637,-1.418291765196449,16420.419,0.006181423852545942,201.5,-46353231463.0,7.8,79.94666666666667
2013-03-31,-0.025367,-0.022341,0.000277,0.004557,0.002738,0.00129,0.000965,0.000179,0.000117,0.013815,94.33666666666666,0.14333333333333334,-0.6479498217513763,-0.6840848984770808,-0.6079186466778074,-0.24054381244563808,-0.37813747264262015,-1.39651054908687,16648.189,0.013871144213798425,204.0,-45208542875.0,7.733333333333333,81.46
2013-06-30,-0.064196,-0.054892,-0.043673,-0.03822,-0.025329,-0.000918,0.000602,0.000311,6.2e-05,0.00314,94.10000000000001,0.11666666666666665,-0.6853912764254704,-0.7632855124837233,-0.5782052164865635,-0.34250014275715807,-0.4766277323292813,-1.2903316991872154,16728.687,0.004835240637885763,204.3,-50380049325.0,7.533333333333334,82.71666666666667
2013-09-30,-0.030863,-0.018841,0.000275,0.006981,0.008367,0.002884,0.001523,0.00016,2.6e-05,0.002762,105.84333333333332,0.08333333333333333,-0.66342024564417,-0.737104053078974,-0.539644901465791,-0.321867812180179,-0.7281001022191719,-1.2140632655989714,16953.838,0.013458976188627236,203.9,-63563362586.0,7.233333333333333,81.25333333333333
2013-12-31,-0.040779,-0.03187,-0.027048,-0.019243,-0.009234,0.000377,0.000293,0.000167,7.2e-05,-0.004697,97.34333333333332,0.08666666666666667,-0.7488946826149034,-0.8445571800066738,-0.6398731522080662,-0.40355202525367884,-0.39362379605009684,-1.151949084385013,17192.019,0.014048795322923358,202.0,-50547245412.0,6.933333333333334,80.30333333333334
2014-03-31,0.086598,0.069539,0.036126,0.017198,0.008722,0.002162,0.000948,0.000222,8.5e-05,0.01392,98.74666666666667,0.07333333333333335,-0.7743051992329977,-0.8814669410334566,-0.6909225874405114,-0.4073862454629814,-0.24354279422333083,-1.1097493558108023,17197.738,0.0003326543554891259,207.0,-52322984264.0,6.666666666666667,80.36666666666666
2014-06-30,0.047635,0.039891,0.025191,0.01931,0.013131,0.002661,0.000678,0.000124,4.3e-05,0.008676,103.34666666666668,0.09333333333333334,-0.7815065267044926,-0.8122202327149501,-0.7239835641838487,-0.3714207370646489,-0.36375216291951146,-1.1273818807460048,17518.508,0.018651871542641363,208.3,-59870529709.0,6.2,79.87333333333333
2014-09-30,0.040153,0.030076,0.00779,0.002801,0.000652,0.000881,0.001095,0.000116,2e-05,-0.001309,97.78000000000002,0.09000000000000001,-0.7276797371099701,-0.7822254788347357,-0.6754240002474597,-0.33308746998299915,-0.23188104298371418,-1.0676713828155184,17804.228,0.016309608101328976,206.4,-70061036762.0,6.066666666666666,83.38333333333333
2014-12-31,0.097399,0.08772,0.028963,0.022431,0.014765,0.00126,-0.000312,3.6e-05,1.6e-05,-0.013523,73.16000000000001,0.09999999999999999,-0.6359684083351289,-0.7298597055063153,-0.6060006005603951,-0.23479659263049385,-0.19745166861237753,-0.9686424895359136,17912.079,0.00605760609221595,197.0,-62274420491.0,5.7,88.51666666666667
2015-03-31,0.052271,0.030279,0.024583,0.023302,0.019033,0.005235,0.001569,9.1e-05,-1.6e-05,0.005566,48.54,0.11,-0.5237905220700907,-0.6091428901837536,-0.5069791432402517,-0.12031581082245707,-0.2806321983531054,-0.903594469600432,18063.529,0.008455188255924728,191.5,-64566528470.0,5.533333333333334,96.16000000000001
2015-06-30,-0.109301,-0.072059,-0.029896,-0.018666,-0.007541,0.001881,0.00081,0.000147,2.8e-05,0.010668,57.84666666666667,0.12333333333333334,-0.544846560927265,-0.5881823321038872,-0.5561749303630912,-0.11079119960110884,-0.2364341365264704,-0.8439211960140861,18279.784,0.011971913129488865,194.8,-66404047109.0,5.433333333333334,95.66666666666667
2015-09-30,0.060708,0.057191,0.032001,0.029317,0.019718,0.003815,0.001348,0.000164,-1.6e-05,-0.002904,46.416666666666664,0.1366666666666667,-0.46205976145524813,-0.4592398476457182,-0.5146335154891607,-0.007675129279718893,-0.0566190119737826,-0.7750519861250914,18401.626,0.0066653960462552675,189.1,-66629541000.0,5.1000000000000005,96.50333333333333
2015-12-31,-0.026188,-0.017275,-0.014718,-0.016364,-0.01206,-0.004645,-0.002149,0.000209,9.6e-05,-0.005968,41.949999999999996,0.16,-0.43245412358950575,-0.4255662696677994,-0.5406289468292326,0.08124521625803455,-0.021892084845056354,-0.7092549931073898,18435.137,0.0018210890711505279,183.5,-59653658380.0,5.033333333333333,98.58333333333333
2016-03-31,0.091806,0.080643,0.045446,0.042272,0.033047,0.009404,0.004291,0.000758,0.000432,0.006794,33.18333333333333,0.36000000000000004,-0.3232837269140776,-0.28596606832794724,-0.4830401736338559,0.217791096218184,0.06949902189439384,-0.6582596946754646,18525.933,0.0049251600354258684,182.1,-52878296489.0,4.8999999999999995,97.46999999999998
2016-06-30,0.076874,0.058038,0.029989,0.022026,0.01512,0.005059,0.003261,0.000846,0.000354,0.012119,45.406666666666666,0.37333333333333335,-0.3737658322844037,-0.252941218604274,-0.5180614261093885,0.16349358639175077,0.047181720266536956,-0.6356050314664967,18711.702,0.01002751116502476,187.6,-63440823608.0,4.933333333333334,95.03666666666668
2016-09-30,-0.000691,-0.016623,-0.006016,-0.005161,-0.004297,-0.001637,3.5e-05,0.001092,0.000555,0.001701,44.85,0.39666666666666667,-0.34883099245833715,-0.22078739817471543,-0.47117093460846016,0.15648811592029385,0.0519408480212059,-0.6267290964649846,18892.639,0.009669724325451323,186.9,-61502855757.0,4.8999999999999995,95.67
2016-12-31,-0.143521,-0.098297,-0.059124,-0.046755,-0.029913,-0.004751,7.7e-05,0.000842,0.000543,1.7e-05,49.13666666666666,0.45,-0.41204491203458987,-0.3350429489366093,-0.487660540060881,0.09848014733973384,-0.5644146956284762,-0.6145386221117805,19089.379,0.010413579595735856,188.2,-57102117274.0,4.766666666666667,100.71666666666665
2017-03-31,0.017386,0.014448,0.012053,0.009195,0.006928,0.002921,0.001617,0.001212,0.001075,0.009813,51.76666666666667,0.7000000000000001,-0.48377409583405473,-0.37989321738400855,-0.5152092398003039,-0.0034315497220461693,-0.6816221550212626,-0.5725245074023826,19280.084,0.009990110207356517,191.5,-58089106466.0,4.566666666666666,100.32666666666667
2017-06-30,0.046417,0.028579,0.017674,0.01112,0.008075,0.001661,0.001545,0.002079,0.001769,0.004734,48.24,0.9500000000000001,-0.5321444163061628,-0.458273537744521,-0.5994680692920309,-0.024373669884259277,-0.40093604639555114,-0.5474357844927609,19438.643,0.008223978692209144,193.6,-65463225644.0,4.366666666666667,97.2
2017-09-30,-0.002105,0.003922,-0.000329,0.004178,0.003609,0.001747,0.002879,0.002699,0.002495,0.007609,48.163333333333334,1.1533333333333333,-0.5678862719362955,-0.5000995129722402,-0.626515655484769,-0.06621570457857827,-0.37922137043230114,-0.5611813656127838,19692.595,0.013064286431928362,194.8,-64174388491.0,4.333333333333333,92.87
2017-12-31,0.031142,0.015337,-0.001523,-0.004053,-0.006103,-0.002762,-0.000291,0.002835,0.002552,-0.001196,55.36666666666667,1.2033333333333334,-0.60111379837003,-0.5864058604347501,-0.6486650660036006,-0.09355252111819093,-0.5176502132436785,-0.5583075774987034,20037.088,0.0174935299283816,196.3,-64082910684.0,4.166666666666667,93.24000000000001
2018-03-31,-0.039964,-0.02895,-0.023974,-0.016501,-0.00981,-0.001882,0.002425,0.003464,0.002457,0.012291,62.88666666666666,1.4466666666666665,-0.5614070250729873,-0.5410532755237073,-0.5911751285915757,-0.0726363554934032,-0.6520636720120969,-0.48286467424650353,20328.553,0.014546275386922547,199.3,-58423653837.0,4.033333333333333,89.90333333333332
2018-06-30,0.004519,-0.001069,-0.003786,-0.001631,-0.000643,0.001851,0.004408,0.004499,0.004248,0.009758,68.03333333333335,1.7366666666666666,-0.5439114795297234,-0.4956651405179239,-0.5910024240155098,-0.051732831292747465,-0.44529477439003784,-0.4019796159532587,20580.912,0.01241401687567234,204.2,-65754115947.0,3.9333333333333336,93.49000000000001
2018-09-30,-0.033086,-0.022768,-0.009975,-0.005438,-0.002241,0.001723,0.004274,0.004898,0.00463,0.001786,69.75666666666667,1.9233333333333331,-0.5791758407686269,-0.5772560772050909,-0.6652968869939353,-0.07796497697962249,0.10841076572763744,-0.370244674645026,20798.73,0.010583496008340187,203.6,-71928565547.0,3.766666666666667,94.92
2018-12-31,0.044516,0.049286,0.039366,0.035219,0.028331,0.014302,0.007899,0.005777,0.005626,-0.004777,59.076666666666675,2.22,-0.49987026260329126,-0.5231342255417833,-0.5942730372096654,-0.019676117585444255,0.3076151275105806,-0.36081671264589765,20917.867,0.005728090128579888,201.0,-72641595770.0,3.8333333333333335,96.85666666666667
2019-03-31,0.049688,0.043867,0.032338,0.024435,0.019753,0.010163,0.008326,0.005665,0.005675,0.011818,54.826666666666675,2.4033333333333333,-0.5471938687850604,-0.5456932166761066,-0.6528918761266748,-0.0194566185552186,-0.0017057422764407927,-0.4196127580099238,21111.6,0.009261603967555487,200.8,-58961669617.0,3.8666666666666667,96.33999999999999
2019-06-30,0.065926,0.052426,0.037822,0.034872,0.028835,0.014556,0.009437,0.006417,0.005973,0.007636,59.78333333333333,2.3966666666666665,-0.5949505823135401,-0.6016184344261758,-0.709339871273886,-0.04431196992346952,-0.1123655154241371,-0.5401336646160597,21397.938,0.013563064855340201,200.3,-68247532263.0,3.6333333333333333,97.12
2019-09-30,0.095085,0.061688,0.029457,0.019371,0.015041,0.006352,0.005326,0.005743,0.005488,0.002404,56.370000000000005,2.19,-0.5476431519132926,-0.5698938281547723,-0.6759804482446431,0.005374670666574915,0.03814968430024175,-0.6163054256563542,21717.171,0.014918867416103376,198.4,-71767023651.0,3.6,98.94
2019-12-31,-0.053375,-0.039017,-0.019347,-0.009514,-0.001915,0.004512,0.005452,0.004596,0.004165,0.000837,56.95666666666667,1.6433333333333333,-0.5539945317635376,-0.5785328972807484,-0.6714606020239007,-0.020696294421941177,0.08944056655655028,-0.6592505507300259,21933.217,0.00994816497968376,199.0,-66421729689.0,3.6,97.33666666666666
2020-03-31,0.270715,0.193366,0.112754,0.092476,0.065975,0.029371,0.016925,0.005899,0.003644,0.004441,45.75666666666667,1.26,-0.34767628341513795,-0.34157187530332045,-0.4488527619235469,0.10313912218952424,0.557024720505269,-0.6033405680524118,21751.238,-0.00829695890028348,193.1,-60627098719.0,3.8333333333333335,98.19
2020-06-30,-0.013836,-0.003608,0.006131,0.005712,0.006925,0.002377,0.000281,0.0003,0.000173,-0.001232,27.80666666666667,0.06,-0.07415093782844531,-0.05590632443817094,-0.2645797070133494,0.4118305471347893,0.7081815310615749,-0.9371841657168394,19958.291,-0.08242965296963789,191.2,-74015670506.0,13.0,98.25
2020-09-30,-0.008994,-0.002588,0.000478,0.003431,0.002415,0.000648,0.000938,0.000498,0.000251,0.009631,40.89333333333334,0.09333333333333334,-0.4774977190737949,-0.5751682153953152,-0.6054528172149805,0.03365533230200168,0.36625228242415536,-1.8052339005276514,21704.437,0.08748975551062976,195.5,-84635768145.0,8.799999999999999,93.12666666666667
2020-12-31,-0.044,-0.028756,-0.018262,-0.007537,-0.002025,0.000929,0.000731,0.000217,0.000199,0.000745,42.45333333333333,0.09000000000000001,-0.5406033490891262,-0.5229651519737026,-0.6457656419003955,-0.047518871232427415,0.44155582161179907,-1.8967165105996284,22087.16,0.017633399106367076,200.5,-82245739756.0,6.766666666666667,91.95
2021-03-31,-0.15616,-0.113907,-0.064117,-0.044347,-0.023372,-0.00048,0.000322,0.00028,0.000118,0.016903,57.79,0.08,-0.6258030141523074,-0.5389396336099037,-0.6804476181370007,-0.12869884604733464,-0.21794436736464057,-1.7675323295151517,22680.693,0.026872309522817828,215.0,-84263436461.0,6.233333333333333,91.56333333333333
2021-06-30,0.076526,0.05062,0.029633,0.017328,0.007376,-0.000639,0.000126,0.000126,2.3e-05,0.025744,66.08999999999999,0.07,-0.6825468142354498,-0.5719190524153428,-0.7120630752049544,-0.17781852587295122,-0.5604557816349424,-1.6077206157599433,23425.91,0.03285688845574519,228.9,-94255518952.0,5.933333333333334,91.25
2021-09-30,0.01538,0.01038,0.003161,0.00119,4.9e-05,0.000768,0.000475,0.000139,0.000113,0.009622,70.62333333333333,0.09000000000000001,-0.6567596309220226,-0.6233837143988773,-0.7237613459347865,-0.14381145354910155,-0.219575658004159,-1.3528108405809516,23982.379,0.023754424054390988,235.678,-102009288956.0,5.066666666666666,93.00999999999999
2021-12-31,0.035821,0.009161,0.002712,-0.004788,-0.009351,-0.006139,-0.002526,0.00012,0.000148,0.016376,77.44666666666667,0.08,-0.5887277752126635,-0.5802065832012583,-0.6146008740117006,-0.11792315887956385,-0.3842527682426328,-1.2247809556053,24813.6,0.034659655741408946,241.338,-97563695275.0,4.2,95.36
2022-03-31,-0.112011,-0.099308,-0.06787,-0.058726,-0.051526,-0.026802,-0.009447,0.000369,0.000132,0.031212,94.45333333333333,0.12,-0.47496389269035477,-0.41856384911345357,-0.4958317705362036,-0.018797728441744026,-0.5147907175455197,-1.0356328422246228,25250.347,0.017601113905277854,260.014,-115184523489.0,3.8333333333333335,97.18666666666667
2022-06-30,-0.13919,-0.112241,-0.051446,-0.033735,-0.021337,-0.003322,-0.004385,0.001083,0.000911,0.030634,108.72333333333334,0.77,-0.28845475051925634,-0.16976084796361504,-0.3127881726656211,0.11892261210138348,-0.2154818083248518,-0.844590519736627,25861.292,0.024195509075578325,280.251,-102700165035.0,3.6333333333333333,103.13
2022-09-30,-0.101773,-0.084358,-0.060534,-0.048905,-0.040543,-0.016645,-0.004936,0.004046,0.004649,0.001678,93.18333333333334,2.19,-0.18893915503224284,-0.17055825046090065,-0.22356511846668206,0.19094384897542307,0.07481031551831259,-0.7160061174530999,26336.304,0.018367682480828762,267.898,-98493745298.0,3.533333333333333,108.90666666666668
2022-12-31,-0.029019,0.000717,0.006176,0.013231,0.013653,0.009147,0.007423,0.008275,0.008586,-3.7e-05,82.78666666666668,3.653333333333333,-0.16257475304203567,-0.16223218612151855,-0.18415330957504483,0.21139855415772676,-0.15171808893713817,-0.6923491057409221,26770.514,0.01648712742684011,257.897,-86414920428.0,3.5666666666666664,107.0
2023-03-31,0.067912,0.059306,0.042767,0.034128,0.029957,0.017448,0.01272,0.011064,0.010631,0.016978,76.07666666666667,4.516666666666667,-0.2511591753057534,-0.2338206008879062,-0.2850215498574302,0.167692397705978,-0.2836360130851388,-0.7683384233850208,27216.445,0.0166575434450007,257.062,-77673268203.0,3.533333333333333,103.16000000000001
2023-06-30,-0.029283,-0.0273,-0.022296,-0.022457,-0.017914,-0.009302,0.003407,0.011933,0.011423,0.010843,73.76,4.989999999999999,-0.20409288513139875,-0.21592815600254422,-0.29863226182385944,0.18629288229189192,0.8498110847458243,-0.8166382419044562,27530.055,0.011522812770000002,253.86,-90056597047.0,3.533333333333333,102.96666666666665
2023-09-30,-0.124379,-0.09606,-0.048718,-0.029655,-0.012805,0.006736,0.011999,0.011966,0.013253,0.008784,82.29666666666667,5.260000000000001,-0.3068659711732576,-0.2718604826896056,-0.39432452730985373,0.13172035763371545,0.4191825465300702,-0.8606562933866732,28074.846,0.019788954290138605,258.934,-88972720400.0,3.6333333333333333,103.89999999999999
2023-12-31,0.126552,0.10753,0.067224,0.055674,0.047409,0.025551,0.019206,0.013657,0.013465,-0.003388,78.41000000000001,5.33,-0.3204921736024413,-0.323192982832797,-0.37628542253304637,0.10165045429601254,0.08091367340648882,-0.8459177685328998,28424.722,0.01246225892031605,249.866,-79349710789.0,3.8000000000000003,103.83
2024-03-31,-0.040914,-0.026131,-0.016383,-0.01476,-0.0069,0.002146,0.007759,0.013044,0.013167,0.018211,77.56,5.33,-0.4159979283068384,-0.458764625916337,-0.4521831990070059,0.016803071434738602,-0.08637834104934311,-0.8279992943415413,28708.161,0.009971566300630785,255.095,-79716903106.0,3.8333333333333335,103.99333333333334
2024-06-30,-0.023592,-0.01812,-0.004645,-0.001042,0.003502,0.008353,0.011,0.013536,0.013464,0.005901,81.71333333333332,5.33,-0.4102870769174415,-0.4205251169662399,-0.41342509112301556,-0.0107016158881119,-0.15722226532872455,-0.830204577984926,29147.044,0.015287743439923007,255.914,-92076334047.0,3.9666666666666663,105.58666666666666
2024-09-30,0.084607,0.078831,0.05999,0.057678,0.047941,0.032145,0.022007,0.014198,0.013812,0.003584,76.24,5.263333333333333,-0.38750511470836785,-0.39928801277497694,-0.37700086894897006,-0.006345549171453231,-0.189952354486093,-0.8426438943158885,29511.664,0.012509673365161733,252.682,-114627041103.0,4.166666666666667,102.19333333333333
2024-12-31,-0.09458,-0.079826,-0.051607,-0.040356,-0.025026,-0.001721,0.007522,0.011852,0.011569,0.000964,70.68666666666667,4.6499999999999995,-0.46262494289335765,-0.5155130883914869,-0.4491552766313039,-0.06776890707771616,-0.2693349852775233,-0.8390334393422787,29825.182,0.010623528378474356,253.423,-119552920153.0,4.133333333333333,106.07
